Configure,Cycles
chipyard.TestHarness.BOOMSVRConfig2Config-ChipTop-mt-vvadd.riscv,117734
chipyard.TestHarness.BOOMSVRConfig2Config-ChipTop-whetstone.riscv,41753
chipyard.TestHarness.BOOMSVRConfig3Config-ChipTop-mt-vvadd.riscv,120710
chipyard.TestHarness.BOOMSVRConfig3Config-ChipTop-whetstone.riscv,41842
chipyard.TestHarness.BOOMSVRConfig4Config-ChipTop-mt-vvadd.riscv,118660
chipyard.TestHarness.BOOMSVRConfig4Config-ChipTop-whetstone.riscv,41781
chipyard.TestHarness.BOOMSVRConfig5Config-ChipTop-mt-vvadd.riscv,117461
chipyard.TestHarness.BOOMSVRConfig5Config-ChipTop-whetstone.riscv,41753
chipyard.TestHarness.BOOMSVRConfig7Config-ChipTop-mt-vvadd.riscv,117247
chipyard.TestHarness.BOOMSVRConfig7Config-ChipTop-whetstone.riscv,41553
chipyard.TestHarness.BOOMSVRConfig8Config-ChipTop-mt-vvadd.riscv,118363
chipyard.TestHarness.BOOMSVRConfig8Config-ChipTop-whetstone.riscv,41612
chipyard.TestHarness.BOOMSVRConfig9Config-ChipTop-mt-vvadd.riscv,121113
chipyard.TestHarness.BOOMSVRConfig9Config-ChipTop-whetstone.riscv,41846
